{"cameraMode":{"drawMode":0,"name":"Shaded","section":"Shading Mode"},"sceneLighting":true,"audioPlay":false,"sceneViewState":{"m_AlwaysRefresh":false,"showFog":true,"showSkybox":true,"showFlares":true,"showImageEffects":true,"showParticleSystems":true,"showVisualEffectGraphs":true,"m_FxEnabled":true},"in2DMode":false,"pivot":{"x":1.7066047191619874,"y":-1.0389957427978516,"z":5.408797740936279},"rotation":{"x":-0.6592500805854797,"y":-0.00494085717946291,"z":-0.004250420723110437,"w":-0.7543321847915649},"size":42.178436279296878,"orthographic":false}